Place,Time,Longitude,Latitude
"15km E of Coso Junction, CA",1483401488910,-117.7848333,36.0283333
"24km NE of Hawthorne, Nevada",1483401307037,-118.4592,38.6994
"62km NNE of Talkeetna, Alaska",1483401065647,-149.6425,62.8437
"27km WSW of Hawthorne, Nevada",1483400862116,-118.8863,38.3892
"13km ESE of Harper, Kansas",1483400581220,-97.8796667,37.2585
"91km SSE of Old Iliamna, Alaska",1483400550211,-154.3953,58.9702
"28km SW of Hawthorne, Nevada",1483399796421,-118.8984,38.3768
"27km SW of Hawthorne, Nevada",1483399518628,-118.8796,38.3864
"51km WSW of Anchor Point, Alaska",1483399483979,-152.6284,59.5577
"6km WNW of The Geysers, California",1483399169940,-122.8183333,38.8076667
"8km E of Saint-Marc-des-Carrieres, Canada",1483399101890,-71.9347,46.6975
"10km SSW of Fairbanks, Alaska",1483398974942,-147.8332,64.7589
"29km SW of Hawthorne, Nevada",1483398849125,-118.894,38.3589
"116km SW of Homer, Alaska",1483398821239,-152.993,58.9002
"15km E of Coso Junction, CA",1483398661440,-117.7833333,36.0271667
"26km E of Bridgeport, California",1483398107799,-118.9375,38.2982
"5km ESE of Mammoth Lakes, California",1483398020070,-118.9216667,37.6273333
"7km NW of West Bishop, California",1483397814710,-118.5136667,37.4156667
"7km NW of West Bishop, California",1483397633740,-118.5116667,37.415
"9km NE of Aguanga, CA",1483397565170,-116.7971667,33.5001667
"15km NE of Little Lake, CA",1483397210000,-117.7795,36.0251667
"57km ENE of Cape Yakataga, Alaska",1483397193638,-141.4223,60.1754
"33km ESE of Caliente, Nevada",1483397111960,-114.1626667,37.4985
"27km WSW of Hawthorne, Nevada",1483397095511,-118.9068,38.4082
"26km WSW of Hawthorne, Nevada",1483396950097,-118.8849,38.4021
"26km WSW of Hawthorne, Nevada",1483396771770,-118.8873,38.3979
"30km ENE of Bridgeport, California",1483396415327,-118.9123,38.359
"44km SSW of Cantwell, Alaska",1483396276255,-149.4305,63.0516
"29km WSW of Hawthorne, Nevada",1483396173307,-118.9212,38.4035
"4km E of Mammoth Lakes, California",1483395865120,-118.9235,37.6411667
"15km NE of Little Lake, CA",1483395630280,-117.7841667,36.0235
"29km WSW of Hawthorne, Nevada",1483395586451,-118.9259,38.402
"64km SW of Anchor Point, Alaska",1483395478526,-152.7004,59.4067
"27km WSW of Hawthorne, Nevada",1483395212668,-118.8894,38.3927
"41km S of Bilungala, Indonesia",1483394865470,123.19,0.0068
"28km SW of Hawthorne, Nevada",1483394599609,-118.8463,38.3344
"87km NNE of Road Town, British Virgin Islands",1483394560100,-64.302,19.0184
"8km SSW of Lucerne Valley, CA",1483394381930,-117.0108333,34.3801667
"29km SW of Hawthorne, Nevada",1483394207204,-118.8893,38.3601
"25km WSW of Hawthorne, Nevada",1483394164791,-118.8852,38.4187
"28km SW of Hawthorne, Nevada",1483394142904,-118.8532,38.3381
"262km NNE of Tobelo, Indonesia",1483394127530,128.943,3.908
"27km WNW of Arctic Village, Alaska",1483394092960,-146.1339,68.2308
"44km NNE of Whittier, Alaska",1483393118751,-148.2495,61.1119
"31km SSW of Hawthorne, Nevada",1483393021601,-118.8129,38.2861
"31km SSW of Hawthorne, Nevada",1483393000403,-118.8229,38.2845
"126km SW of Ndoi Island, Fiji",1483392891540,-179.6007,-21.4229
"43km N of North Nenana, Alaska",1483392432143,-149.0161,64.9671
"66km E of Mutsu, Japan",1483392260610,142.0005,41.2084
"44km NNE of Whittier, Alaska",1483392224562,-148.2328,61.106
"29km ENE of Bridgeport, California",1483391959527,-118.9361,38.3895
"29km WSW of Hawthorne, Nevada",1483391872486,-118.9332,38.4124
"43km SE of Tanaga Volcano, Alaska",1483391575560,-177.776,51.5679
"30km NW of Chester, California",1483391004910,-121.5158333,40.4706667
"27km WSW of Hawthorne, Nevada",1483390970658,-118.8962,38.3946
"110km SSE of Sindangsari, Indonesia",1483390945190,108.7974,-8.7459
"29km WSW of Hawthorne, Nevada",1483390630315,-118.9239,38.3965
"5km ESE of Mammoth Lakes, California",1483390581930,-118.9158333,37.6368333
"4km E of Mammoth Lakes, California",1483390530740,-118.921,37.6416667
"4km ESE of Mammoth Lakes, California",1483390521760,-118.9176667,37.6378333
"51km WSW of Valdez, Alaska",1483390460238,-147.1899,60.9222
"29km ENE of Bridgeport, California",1483389953016,-118.913,38.3539
"4km WSW of Brawley, CA",1483389833400,-115.5646667,32.963
"113km SSW of False Pass, Alaska",1483389707910,-163.8843,53.8641
"3km SW of Brawley, CA",1483389661780,-115.5555,32.9603333
"30km ENE of Bridgeport, California",1483389621887,-118.9093,38.3576
"4km ESE of Mammoth Lakes, California",1483389465960,-118.9178333,37.6368333
"4km ESE of Mammoth Lakes, California",1483389451400,-118.9213333,37.6391667
"29km NE of Bridgeport, California",1483389309380,-118.9609,38.4184
"27km SW of Hawthorne, Nevada",1483389199298,-118.8863,38.3826
"2km WSW of Brawley, CA",1483389086960,-115.5523333,32.9696667
"13km ESE of Anza, CA",1483388713930,-116.5466667,33.5131667
"35km ESE of Sutton-Alpine, Alaska",1483388061465,-148.2004,61.719
"13km WNW of Anza, CA",1483388058520,-116.8065,33.5996667
"3km NNE of Fontana, CA",1483388002760,-117.4473333,34.1243333
"30km ESE of Mapleton, Utah",1483387952890,-111.2793333,39.9798333
"4km N of Little Lake, CA",1483387892430,-117.905,35.9755
"31km ESE of Mapleton, Utah",1483387854710,-111.2635,39.9808333
"29km SW of Hawthorne, Nevada",1483387809005,-118.9068,38.3732
"25km E of Bridgeport, California",1483387570980,-118.9481,38.2979
"64km ENE of Maneadero, B.C., MX",1483387499780,-115.9188333,31.8995
"28km WSW of Hawthorne, Nevada",1483387460431,-118.9022,38.3974
"30km ENE of Bridgeport, California",1483387319977,-118.9134,38.3603
"30km WSW of Hawthorne, Nevada",1483387107211,-118.9489,38.4213
"13km SE of Mammoth Lakes, California",1483386888910,-118.844,37.5753333
"13km NE of Coachella, CA",1483386710780,-116.0775,33.7648333
"26km WSW of Hawthorne, Nevada",1483386572454,-118.8972,38.4283
"27km WSW of Hawthorne, Nevada",1483386369484,-118.8892,38.3981
"13km NE of Coachella, CA",1483386310480,-116.0786667,33.7631667
"149km WNW of Pangai, Tonga",1483386280890,-175.7307,-19.4818
"13km NW of Pawnee, Oklahoma",1483386263000,-96.9186,36.4199
"26km WSW of Hawthorne, Nevada",1483386160348,-118.8856,38.4015
"28km WSW of Hawthorne, Nevada",1483386031154,-118.8999,38.3944
"57km SSE of Little Sitkin Island, Alaska",1483386016676,178.8036,51.4676
"29km WSW of Hawthorne, Nevada",1483385539152,-118.9237,38.4035
"27km SW of Hawthorne, Nevada",1483385485104,-118.8758,38.3793
"28km WSW of Hawthorne, Nevada",1483385160250,-118.9009,38.3894
"87km NE of Palue, Indonesia",1483385152640,123.2248,-7.8644
"27km WSW of Hawthorne, Nevada",1483384427484,-118.8906,38.3875
"87km ESE of Taron, Papua New Guinea",1483384379000,153.7582,-4.7819
"30km SSW of Hawthorne, Nevada",1483384205863,-118.8103,38.2921
"41km N of North Nenana, Alaska",1483383575038,-149.0032,64.9497
"96km W of Willow, Alaska",1483383538437,-151.8509,61.6649
"29km WSW of Hawthorne, Nevada",1483383435721,-118.9073,38.3782
"41km W of North Nenana, Alaska",1483383029473,-149.9721,64.6343
"27km SW of Hawthorne, Nevada",1483382942200,-118.874,38.3693
"15km WNW of North Nenana, Alaska",1483382871236,-149.4134,64.622
"17km W of Agrihan, Northern Mariana Islands",1483382863730,145.4995,18.791
"3km WSW of Brawley, CA",1483382835920,-115.5551667,32.969
"14km NE of Coachella, CA",1483382786180,-116.0751667,33.7693333
"26km WSW of Hawthorne, Nevada",1483382763131,-118.8989,38.4293
"28km WSW of Hawthorne, Nevada",1483382543200,-118.9242,38.4218
"40km NNE of Redoubt Volcano, Alaska",1483382424657,-152.4225,60.8169
"25km WSW of Hawthorne, Nevada",1483382186749,-118.8926,38.4284
"21km ESE of Owase, Japan",1483382122930,136.4244,34.0275
"102km NNW of Nikiski, Alaska",1483381941717,-152.1764,61.5051
"4km ESE of Mammoth Lakes, California",1483381551450,-118.9233333,37.6325
"10km N of La Verne, CA",1483381452000,-117.7596667,34.189
"32km ENE of Soledad, California",1483381048710,-121.0008333,36.5453333
"35km SSE of Redoubt Volcano, Alaska",1483381047986,-152.426,60.2126
"40km N of North Nenana, Alaska",1483381017405,-148.9953,64.9403
"40km N of North Nenana, Alaska",1483380964450,-148.9745,64.9372
"41km N of North Nenana, Alaska",1483380937410,-149.0159,64.9524
"28km SSW of Hawthorne, Nevada",1483380877564,-118.7394,38.2875
"40km N of North Nenana, Alaska",1483380820470,-149.0202,64.9366
"133km NW of Tobelo, Indonesia",1483380783710,127.0419,2.446
"7km NW of West Bishop, California",1483380648120,-118.5086667,37.4111667
"68km ESE of Healy, Alaska",1483380550202,-147.6774,63.6374
"27km SSW of Hawthorne, Nevada",1483380509343,-118.7399,38.2895
"4km ESE of Mammoth Lakes, California",1483380447940,-118.9211667,37.639
"53km NNW of Pahrump, Nevada",1483380444809,-116.1036,36.6806
"79km SW of Delta Junction, Alaska",1483380352760,-146.7942,63.5017
"3km WSW of Brawley, CA",1483380233950,-115.5541667,32.9663333
"3km SSE of Brawley, CA",1483380087840,-115.5188333,32.9511667
"28km WSW of Hawthorne, Nevada",1483380076428,-118.9035,38.3908
"29km SW of Hawthorne, Nevada",1483380061693,-118.8912,38.3634
"2km SSE of Willow, Alaska",1483380031473,-150.0171,61.7267
"34km ESE of Redoubt Volcano, Alaska",1483379996256,-152.2191,60.3132
"150km WNW of Tobelo, Indonesia",1483379846820,126.7721,2.2814
"125km SE of Old Iliamna, Alaska",1483379685570,-153.6434,58.8258
"106km WNW of Gustavus, Alaska",1483379660007,-137.5052,58.6649
"249km ESE of Sarangani, Philippines",1483379512560,127.5221,4.498
"13km ESE of Anza, CA",1483379501190,-116.544,33.508
"30km SW of Hawthorne, Nevada",1483379422575,-118.8976,38.3535
"25km WSW of Hawthorne, Nevada",1483379243029,-118.8661,38.3983
"13km ESE of Anza, CA",1483378736490,-116.5465,33.5095
"14km SSE of Haines, Alaska",1483378620962,-135.3715,59.101
"10km NNE of Aroroy, Philippines",1483378614940,123.4297,12.5972
"27km WSW of Hawthorne, Nevada",1483378423936,-118.8871,38.3933
"51km S of Cantwell, Alaska",1483378375611,-149.0305,62.9328
"27km SW of Hawthorne, Nevada",1483378374367,-118.8454,38.3528
"15km W of Yale, Oklahoma",1483378185300,-96.8742,36.1258
"29km WSW of Hawthorne, Nevada",1483377527694,-118.9213,38.3969
"22km E of Pahala, Hawaii",1483377517710,-155.2700043,19.2145004
"10km ENE of Ocotillo Wells, CA",1483377491630,-116.0343333,33.1808333
"53km WSW of Talkeetna, Alaska",1483377254452,-151.051,62.1245
"28km WSW of Hawthorne, Nevada",1483377131679,-118.8969,38.3844
"29km ENE of Bridgeport, California",1483377001962,-118.9337,38.3831
"27km SW of Hawthorne, Nevada",1483376947504,-118.8762,38.3821
"27km WSW of Hawthorne, Nevada",1483376927212,-118.8976,38.3971
"7km NE of San Simeon, California",1483376766500,-121.1245,35.6818333
"28km WNW of Arctic Village, Alaska",1483376714481,-146.1986,68.182
"4km SE of Mammoth Lakes, California",1483376659010,-118.9186667,37.6358333
"28km WSW of Hawthorne, Nevada",1483376633583,-118.8958,38.3887
"28km SW of Hawthorne, Nevada",1483376151293,-118.8921,38.382
"10km NE of Aguanga, CA",1483376089120,-116.7915,33.5065
"5km S of The Geysers, California",1483376011290,-122.7503333,38.7288333
"45km N of `Alaqahdari-ye Kiran wa Munjan, Afghanistan",1483375867560,70.7431,36.4405
"27km WSW of Hawthorne, Nevada",1483375550325,-118.9027,38.412
"109km SE of Cold Bay, Alaska",1483375499960,-161.5873,54.4486
Reykjanes Ridge,1483375326700,-35.2675,53.3196
"199km NNE of Ndoi Island, Fiji",1483375275830,-177.7684,-19.0785
"27km WSW of Hawthorne, Nevada",1483375179208,-118.9011,38.4152
"27km WSW of Hawthorne, Nevada",1483374941576,-118.896,38.3997
"8km SSE of Idyllwild, CA",1483374832360,-116.6911667,33.6676667
"28km SW of Hawthorne, Nevada",1483374637915,-118.8892,38.3705
"23km NE of Hawthorne, Nevada",1483374503685,-118.4724,38.694
"28km WSW of Hawthorne, Nevada",1483374431950,-118.8979,38.3879
"29km WSW of Hawthorne, Nevada",1483373649800,-118.9083,38.3832
"4km WNW of Anza, CA",1483373619900,-116.7136667,33.5766667
"92km ESE of Kamaishi, Japan",1483373459130,142.8242,38.8698
"28km SW of Hawthorne, Nevada",1483373307451,-118.8719,38.3588
Reykjanes Ridge,1483373120060,-35.2237,53.1647
"10km SSW of Dayton, Nevada",1483373103410,-119.6205,39.1407
Reykjanes Ridge,1483373054700,-35.3232,53.3783
"20km SSW of Talkeetna, Alaska",1483373017649,-150.2668,62.1597
"29km WSW of Hawthorne, Nevada",1483372960182,-118.9146,38.3946
"30km WSW of Hawthorne, Nevada",1483372623286,-118.9248,38.3869
"35km NE of Sterling, Alaska",1483372116535,-150.3525,60.7804
"82km WSW of Cantwell, Alaska",1483371977519,-150.5534,63.2134
"29km WSW of Hawthorne, Nevada",1483371947529,-118.9261,38.4
"24km WSW of Coalinga, California",1483371867610,-120.6056667,36.0453333
"3km SW of Brawley, CA",1483371833590,-115.5525,32.9645
"95km NW of Talkeetna, Alaska",1483371633480,-151.2833,62.9856
"28km WSW of Hawthorne, Nevada",1483371017739,-118.9039,38.3968
"9km NW of Pawnee, Oklahoma",1483370920100,-96.8858,36.3961
"9km NW of Pawnee, Oklahoma",1483370735000,-96.8859,36.3968
"30km SW of Hawthorne, Nevada",1483370728417,-118.8987,38.3602
"3km SW of Brawley, CA",1483370572490,-115.5536667,32.9618333
"2km WSW of Brawley, CA",1483370538740,-115.553,32.968
South of the Fiji Islands,1483370452460,179.9715,-25.4887
"30km NW of Chester, California",1483370291550,-121.5163333,40.4685
"27km WSW of Hawthorne, Nevada",1483370259898,-118.9103,38.4125
"4km ESE of Mammoth Lakes, California",1483370109680,-118.9218333,37.634
"28km SW of Hawthorne, Nevada",1483369897636,-118.8931,38.372
"30km NW of Chester, California",1483369893310,-121.515,40.4691667
"28km SW of Hawthorne, Nevada",1483369875962,-118.8964,38.3758
"29km WSW of Hawthorne, Nevada",1483369791954,-118.9235,38.3943
"29km WSW of Hawthorne, Nevada",1483369415871,-118.9099,38.3849
"29km WSW of Hawthorne, Nevada",1483369362984,-118.9308,38.4138
"51km W of Valdez, Alaska",1483369230674,-147.2966,61.1382
"1km WNW of Sutton-Alpine, Alaska",1483368974400,-148.8708,61.7986
"24km SW of Coalinga, California",1483368628450,-120.5805,36.0078333
"29km WSW of Hawthorne, Nevada",1483368230703,-118.92,38.3887
"28km ENE of Bridgeport, California",1483368203071,-118.9233,38.3264
"28km NE of Nikiski, Alaska",1483368135938,-150.9392,60.8811
"28km WSW of Hawthorne, Nevada",1483368109655,-118.9203,38.4195
"18km SE of Pahala, Hawaii",1483367911610,-155.3621674,19.0778332
"30km NW of Chester, California",1483367863670,-121.5153333,40.4695
"16km SE of Pahala, Hawaii",1483367832610,-155.3608398,19.1036663
"25km SSW of Coalinga, California",1483367672630,-120.4803333,35.9305
"2km WSW of Brawley, CA",1483367600930,-115.5531667,32.9708333
"50km NNW of Yakutat, Alaska",1483367574798,-140.1549,59.9456
"2km WSW of Brawley, CA",1483367379410,-115.5546667,32.9686667
"25km WSW of Hawthorne, Nevada",1483367278468,-118.8893,38.4215
"70km SSE of Tanaga Volcano, Alaska",1483367260170,-177.9284,51.2683
"27km WSW of Hawthorne, Nevada",1483366846344,-118.894,38.3891
"34km NE of Sterling, Alaska",1483366826101,-150.3426,60.7668
"14km E of Lakatoro, Vanuatu",1483366779620,167.5491,-16.1181
"29km WSW of Hawthorne, Nevada",1483366699115,-118.9095,38.3804
"3km W of Brawley, CA",1483366652790,-115.5571667,32.9743333
"10km WSW of Niland, CA",1483366479560,-115.6105,33.198
"10km SW of Niland, CA",1483366450270,-115.6038333,33.1803333
"2km WSW of Brawley, CA",1483366325690,-115.5548333,32.9741667
"25km NE of Sibolga, Indonesia",1483365835600,98.9469,1.9044
"113km W of San Antonio de los Cobres, Argentina",1483365690610,-67.4347,-24.2806
"3km W of Cobb, California",1483365670090,-122.7608333,38.8186667
"65km WSW of Rincon, Puerto Rico",1483365630300,-67.7945,18.1963
"19km SSW of Badger, Alaska",1483365623289,-147.6827,64.6379
"28km WSW of Hawthorne, Nevada",1483365615304,-118.921,38.4246
"0km S of Tanaina, Alaska",1483365512726,-149.4281,61.6256
"27km WSW of Hawthorne, Nevada",1483365494796,-118.8881,38.3942
"28km WSW of Hawthorne, Nevada",1483365374307,-118.9098,38.3998
"2km WSW of Brawley, CA",1483365147830,-115.5541667,32.9685
"64km S of Koroni, Greece",1483365048440,21.9099,36.2225
"27km WSW of Hawthorne, Nevada",1483364950687,-118.8837,38.3908
"3km W of Brawley, CA",1483364829470,-115.5576667,32.9746667
"110km NW of Talkeetna, Alaska",1483364054297,-151.4187,63.116
"1km E of Mammoth Lakes, California",1483364009030,-118.9508333,37.646
"62km WSW of Anchor Point, Alaska",1483363994461,-152.8615,59.5704
"34km NE of Sterling, Alaska",1483363324061,-150.3234,60.7627
"26km ENE of Bridgeport, California",1483363145972,-118.9355,38.3138
South of the Fiji Islands,1483362842830,179.2383,-23.2513
"37km E of Barranca, Peru",1483362828710,-76.3675,-4.895
"30km WSW of Hawthorne, Nevada",1483362629193,-118.9219,38.3848
"29km WSW of Hawthorne, Nevada",1483362552735,-118.9142,38.3933
"7km SSW of Circle Hot Springs Station, Alaska",1483362527587,-144.7334,65.407
"30km WSW of Hawthorne, Nevada",1483362501689,-118.9207,38.3868
"30km WSW of Hawthorne, Nevada",1483362489543,-118.9261,38.3938
"29km WSW of Hawthorne, Nevada",1483362466950,-118.921,38.3943
"30km WSW of Hawthorne, Nevada",1483362308707,-118.9285,38.3889
"11km NNW of Pahala, Hawaii",1483362179150,-155.5218333,19.302
"26km S of Whittier, Alaska",1483362072053,-148.6701,60.5324
"1km NE of Beaumont, CA",1483362069840,-116.9716667,33.9335
"49km W of Big Lake, Alaska",1483361970608,-150.8905,61.5356
"28km SW of Hawthorne, Nevada",1483361770843,-118.8721,38.3565
"25km SSE of Honoka'a, Hawaii",1483361757860,-155.3848333,19.867
"25km WSW of Hawthorne, Nevada",1483361708246,-118.8896,38.4216
"70km NE of Whittier, Alaska",1483361684169,-147.802,61.2445
"7km SE of Pole Ojea, Puerto Rico",1483361153400,-67.137,17.9209
"28km SW of Hawthorne, Nevada",1483360988791,-118.8945,38.3816
"29km SW of Hawthorne, Nevada",1483360949270,-118.8969,38.3748
"132km SSE of Isangel, Vanuatu",1483360903790,169.761,-20.6508
"49km NW of Pahrump, Nevada",1483360704562,-116.2951,36.5753
"19km WNW of Adak, Alaska",1483360675644,-176.9305,51.9338
"13km ESE of Anza, CA",1483360642180,-116.5441667,33.5145
"12km NE of Little Lake, CA",1483360631100,-117.8063333,36.0085
"26km WSW of Hawthorne, Nevada",1483360593431,-118.8924,38.4129
"51km WNW of West Yellowstone, Montana",1483360364000,-111.7405,44.7546667
"10km NNE of Hawthorne, Nevada",1483360251776,-118.5778,38.6124
"55km ESE of Lakeview, Oregon",1483360233035,-119.6906,42.0675
"25km WSW of Hawthorne, Nevada",1483359743358,-118.8877,38.4231
"21km ENE of Wairoa, New Zealand",1483359715400,177.5692,-38.9294
"25km WSW of Hawthorne, Nevada",1483359600943,-118.8872,38.4142
"14km SSE of Anchorage, Alaska",1483359543348,-149.767,61.0999
"26km SW of Hawthorne, Nevada",1483359443535,-118.8706,38.3888
"168km NE of Ndoi Island, Fiji",1483359396100,-177.6455,-19.5018
"74km WNW of Healy, Alaska",1483359161160,-150.4513,63.9977
"29km WSW of Hawthorne, Nevada",1483359083913,-118.9124,38.3807
"7km NNW of Hawthorne, Nevada",1483359072209,-118.6486,38.5918
"49km SW of Manley Hot Springs, Alaska",1483359047730,-151.3322,64.6745
"30km SW of Hawthorne, Nevada",1483358875021,-118.9093,38.3606
"41km SW of Whitehall, Montana",1483358816880,-112.4215,45.5798333
"95km SSE of King Salmon, Alaska",1483358532779,-156.1721,57.8669
"13km ESE of Anza, CA",1483358248260,-116.5428333,33.5046667
"90km W of Cantwell, Alaska",1483358209911,-150.7321,63.2433
"29km WSW of Hawthorne, Nevada",1483358054797,-118.924,38.4103
"3km W of East Los Angeles, CA",1483357951490,-118.2055,34.029
"26km WSW of Hawthorne, Nevada",1483357758792,-118.8729,38.3945
"27km WSW of Hawthorne, Nevada",1483357099473,-118.9124,38.4211
"30km WSW of Hawthorne, Nevada",1483356568440,-118.9275,38.3901
"6km ESE of Soldotna, Alaska",1483356416304,-150.9414,60.4675
"27km SW of Hawthorne, Nevada",1483356386647,-118.8831,38.3852
"39km WSW of Anchorage, Alaska",1483356258175,-150.5818,61.092
"28km SW of Hawthorne, Nevada",1483356250225,-118.8889,38.3705
"59km WNW of Ester, Alaska",1483356205810,-149.117,65.1121
"35km ESE of Sutton-Alpine, Alaska",1483356154712,-148.2071,61.7121
"25km W of Rancho Tehama Reserve, California",1483356100460,-122.6981667,40.0078333
"26km WSW of Hawthorne, Nevada",1483356034822,-118.8917,38.4201
"22km WSW of Redoubt Volcano, Alaska",1483356013562,-153.1088,60.392
"26km WSW of Hawthorne, Nevada",1483355999779,-118.8969,38.4284
"30km WSW of Hawthorne, Nevada",1483355953017,-118.9322,38.404
"27km WSW of Hawthorne, Nevada",1483355743054,-118.8999,38.401
"2km NNW of The Geysers, California",1483355696310,-122.7666667,38.7951667
"3km ESE of Lilbourn, Missouri",1483355614310,-89.5736667,36.5841667
"77km ESE of Cape Yakataga, Alaska",1483355594523,-141.1225,59.832
"11km W of Eagle Village, Alaska",1483355510378,-141.3494,64.7653
"86km WSW of Unalaska, Alaska",1483355301820,-167.6907,53.5063
"12km N of Ocotillo Wells, CA",1483355117550,-116.1088333,33.2503333
"23km NE of Hawthorne, Nevada",1483355028679,-118.4716,38.6977
"22km NNE of Hawthorne, Nevada",1483355002423,-118.4915,38.6982
"29km SSW of Hawthorne, Nevada",1483354907324,-118.7499,38.2782
"6km WNW of Anza, CA",1483354803760,-116.7401667,33.5746667
"2km SW of Brawley, CA",1483354761240,-115.5455,32.9701667
"38km NNW of Bear Creek, Alaska",1483354605067,-149.5475,60.4973
"87km N of Tocopilla, Chile",1483354567680,-70.2777,-21.3066
"30km WSW of Hawthorne, Nevada",1483353960602,-118.9421,38.4153
"2km ENE of San Ramon, California",1483353808690,-121.9523333,37.7923333
"28km SW of Hawthorne, Nevada",1483353769679,-118.8942,38.377
"34km SSW of Esperanza, Puerto Rico",1483353642200,-65.6039,17.8715
"28km SW of Hawthorne, Nevada",1483353374910,-118.8906,38.3758
"14km ESE of Anza, CA",1483353260440,-116.532,33.5196667
"125km SE of Old Iliamna, Alaska",1483353184216,-153.6058,58.842
"29km ENE of Bridgeport, California",1483353022357,-118.9074,38.341
"74km ENE of Cantwell, Alaska",1483353015541,-147.4809,63.5282
"1km NW of El Centro, CA",1483352785880,-115.566,32.7966667
"229km SW of Gizo, Solomon Islands",1483352540640,155.2866,-9.4856
South of the Fiji Islands,1483352115640,179.2614,-23.2769
"41km S of Redoubt Volcano, Alaska",1483351318105,-152.7646,60.1129
"32km W of Cantwell, Alaska",1483350846737,-149.6045,63.3749
"2km ENE of San Ramon, California",1483350490570,-121.9525,37.7931667
"6km SW of Kaikoura, New Zealand",1483350439080,173.6237,-42.4461
"79km WSW of Anchor Point, Alaska",1483350354232,-153.0435,59.4196
"29km NE of Bridgeport, California",1483350317511,-118.9917,38.4439
"29km SW of Hawthorne, Nevada",1483349790665,-118.8996,38.3686
"30km NW of Chester, California",1483349614610,-121.5196667,40.4696667
"29km SW of Hawthorne, Nevada",1483349603634,-118.8869,38.3638
"30km NW of Chester, California",1483349581580,-121.5171667,40.4695
"70km S of Cantwell, Alaska",1483349500627,-148.9497,62.7558
"28km ENE of Bridgeport, California",1483349463757,-118.9139,38.3174
"23km NNE of North Nenana, Alaska",1483349384111,-148.8827,64.7614
"28km WSW of Hawthorne, Nevada",1483349261707,-118.9081,38.3965
"22km NNE of North Nenana, Alaska",1483349184014,-148.9287,64.767
"25km SW of Hawthorne, Nevada",1483349123440,-118.8517,38.3743
"158km NE of Cape Yakataga, Alaska",1483348605410,-140.6987,61.2109
"27km WSW of Hawthorne, Nevada",1483348185205,-118.9055,38.4086
"18km NW of Tehachapi, CA",1483347889850,-118.59,35.2445
"53km SSE of Shihezi, China",1483347329870,86.2733,43.8508
"25km WSW of Hawthorne, Nevada",1483347246012,-118.8978,38.4316
"25km WSW of Hawthorne, Nevada",1483347223291,-118.8924,38.4321
"27km SW of Hawthorne, Nevada",1483346979435,-118.8843,38.3867
"58km WNW of Talkeetna, Alaska",1483346843780,-151.1405,62.5386
"28km WSW of Hawthorne, Nevada",1483346370767,-118.9149,38.4028
South of the Fiji Islands,1483346362460,179.9853,-23.4818
"17km SE of Paine, Chile",1483346353850,-70.616,-33.9245
"14km NE of Arroyo Grande, California",1483346275670,-120.4866667,35.2166667
"40km ENE of Old Faithful Geyser, Wyoming",1483346248850,-110.3778333,44.6363333
"13km ESE of Anza, CA",1483346155870,-116.5371667,33.5138333
"3km S of Circle Hot Springs Station, Alaska",1483345917744,-144.6845,65.442
"30km NNW of Valdez, Alaska",1483345815200,-146.5057,61.3939
"28km WSW of Hawthorne, Nevada",1483345696946,-118.915,38.4038
"7km SSW of Idyllwild, CA",1483345680890,-116.7408333,33.6811667
"8km WNW of The Geysers, California",1483345625980,-122.8528333,38.803
"56km WSW of Amatignak Island, Alaska",1483345433530,-179.8045,51.0097
"7km WNW of The Geysers, California",1483345403130,-122.8343333,38.806
"51km SSW of Goldfield, Nevada",1483345124026,-117.5169,37.3001
"37km NNE of Helena Valley Northwest, Montana",1483345123490,-111.8938333,47.0505
"13km SSE of Volcano, Hawaii",1483344929000,-155.1796667,19.3238333
"23km NNE of Hawthorne, Nevada",1483344785199,-118.4793,38.6996
"26km SSW of Hawthorne, Nevada",1483344259691,-118.7369,38.3032
"17km WNW of Progreso, B.C., MX",1483343605050,-115.7628333,32.6181667
"23km WSW of Hawthorne, Nevada",1483343330820,-118.8681,38.4244
"73km E of Cantwell, Alaska",1483343321165,-147.5084,63.5113
"27km WSW of Hawthorne, Nevada",1483343108275,-118.891,38.3939
"30km ENE of Bridgeport, California",1483342871998,-118.9072,38.3458
"30km SW of Hawthorne, Nevada",1483342800508,-118.9078,38.3678
"25km W of Ust'-Barguzin, Russia",1483342265760,108.6036,53.4138
"29km ENE of Bridgeport, California",1483342183405,-118.9388,38.3876
"27km WSW of Hawthorne, Nevada",1483342106294,-118.8838,38.389
"29km ENE of Bridgeport, California",1483342084066,-118.9242,38.3736
"24km NE of Hawthorne, Nevada",1483341875062,-118.4388,38.6963
"52km NNW of Pahrump, Nevada",1483341701726,-116.1166,36.6706
"24km NE of Hawthorne, Nevada",1483341647127,-118.4582,38.6976
"52km NNW of Pahrump, Nevada",1483341443863,-116.1091,36.6691
"59km WSW of Anchor Point, Alaska",1483341411103,-152.761,59.5252
"35km N of Athmuqam, Pakistan",1483341407530,73.8226,34.8833
"29km ENE of Bridgeport, California",1483341385024,-118.9296,38.3831
"4km ENE of San Jacinto, CA",1483341325060,-116.9193333,33.7931667
"26km WSW of Hawthorne, Nevada",1483341246976,-118.8787,38.3928
"16km NE of Coachella, CA",1483341159170,-116.0415,33.766
"53km NNW of Pahrump, Nevada",1483341154282,-116.1083,36.6754
"34km E of Sutton-Alpine, Alaska",1483340833983,-148.1938,61.7599
"5km ESE of Mammoth Lakes, California",1483340724180,-118.9168333,37.6365
"29km WSW of Hawthorne, Nevada",1483340591308,-118.9154,38.3858
"33km NE of Helena Valley Northeast, Montana",1483340562550,-111.6216667,46.9005
"29km WSW of Hawthorne, Nevada",1483340404687,-118.923,38.4057
"24km NE of Hawthorne, Nevada",1483340019254,-118.4609,38.7053
"26km SW of Hawthorne, Nevada",1483339711738,-118.8597,38.3729
"5km ESE of Mammoth Lakes, California",1483339561160,-118.9186667,37.6321667
"28km ENE of Bandar-e Ganaveh, Iran",1483339382900,50.7974,29.6533
"28km WSW of Hawthorne, Nevada",1483339225817,-118.9313,38.4276
"29km WSW of Hawthorne, Nevada",1483338940977,-118.9292,38.4036
"5km ESE of Mammoth Lakes, California",1483338173710,-118.9158333,37.6328333
"3km NE of Ocotillo Wells, CA",1483338093730,-116.1053333,33.1613333
Kermadec Islands region,1483337950990,-172.8231,-27.5113
"5km ESE of Mammoth Lakes, California",1483337941820,-118.9166667,37.6348333
"20km NNE of Weed, California",1483337816890,-122.259,41.5813333
"116km SW of Anchor Point, Alaska",1483337618091,-153.2979,59.0452
"77km WSW of Cantwell, Alaska",1483337346405,-150.4407,63.2181
"25km WSW of Hawthorne, Nevada",1483337169596,-118.8927,38.4272
"30km SW of Hawthorne, Nevada",1483337052874,-118.9048,38.3597
Nevada,1483336962539,-118.1888,39.0576
"27km SSW of Hawthorne, Nevada",1483336898349,-118.7508,38.2977
"25km WSW of Hawthorne, Nevada",1483336844536,-118.8817,38.4241
"41km SW of Brooklyn, New Zealand",1483336749810,174.4581,-41.6205
"56km S of Redoubt Volcano, Alaska",1483336592665,-152.8939,59.9868
"14km SE of Gardnerville Ranchos, Nevada",1483336324232,-119.6322,38.795
Off the coast of Southeastern Alaska,1483336075810,-140.7233,56.7559
"24km NE of Hawthorne, Nevada",1483335954724,-118.4589,38.6994
"29km SW of Hawthorne, Nevada",1483335910812,-118.8918,38.3637
"29km SW of Hawthorne, Nevada",1483335753183,-118.8934,38.3595
"28km WSW of Hawthorne, Nevada",1483335585512,-118.9315,38.4409
"18km WSW of Whitehall, Montana",1483335260690,-112.3133333,45.8018333
"30km SW of Hawthorne, Nevada",1483335219579,-118.9012,38.3594
"25km WSW of Hawthorne, Nevada",1483335028051,-118.895,38.4265
"23km NE of Hawthorne, Nevada",1483334801038,-118.4717,38.7004
"19km NNW of Searles Valley, CA",1483334464250,-117.479,35.927
"26km WSW of Hawthorne, Nevada",1483334294254,-118.9008,38.4266
"30km NW of Chester, California",1483334249820,-121.5181667,40.4698333
"8km SSW of Idyllwild, CA",1483334117270,-116.7578333,33.6738333
"30km ENE of Bridgeport, California",1483334073122,-118.9114,38.357
"2km SW of Brawley, CA",1483334037680,-115.5463333,32.9693333
"59km SSW of Tanana, Alaska",1483334003719,-152.4153,64.6539
"28km WSW of Hawthorne, Nevada",1483333993526,-118.9036,38.3958
"1km WSW of Brawley, CA",1483333966430,-115.5421667,32.9765
"28km WSW of Hawthorne, Nevada",1483333920008,-118.9141,38.4082
"121km WSW of Gustavus, Alaska",1483333908110,-137.6659,58.0205
"24km NE of Hawthorne, Nevada",1483333892357,-118.4554,38.6957
"28km WSW of Hawthorne, Nevada",1483333700410,-118.9113,38.4008
"80km SW of Delta Junction, Alaska",1483333638063,-146.7911,63.4871
"14km SE of Mammoth Lakes, California",1483333637720,-118.8418333,37.5721667
"4km E of Mammoth Lakes, California",1483333583190,-118.9173333,37.6406667
"26km WSW of Hawthorne, Nevada",1483333529610,-118.8878,38.4015
"28km WSW of Hawthorne, Nevada",1483333133457,-118.92,38.4116
"13km NE of Healy, Alaska",1483332939698,-148.7895,63.9481
"74km WSW of Cantwell, Alaska",1483332929397,-150.3686,63.1929
"24km NE of Hawthorne, Nevada",1483332888644,-118.4618,38.7022
"17km E of Pahala, Hawaii",1483332695960,-155.3141667,19.2025
"43km WNW of Amatignak Island, Alaska",1483332621427,-179.714,51.3425
"25km NE of Hawthorne, Nevada",1483332417451,-118.4478,38.7064
"25km WSW of Hawthorne, Nevada",1483332235004,-118.8855,38.4208
"15km ENE of Coachella, CA",1483331907090,-116.0275,33.7468333
"27km WSW of Hawthorne, Nevada",1483331573977,-118.9063,38.4208
"41km SE of Cantwell, Alaska",1483331383379,-148.3845,63.1151
"28km WSW of Hawthorne, Nevada",1483331302684,-118.8997,38.3826
"30km WSW of Hawthorne, Nevada",1483331227395,-118.9179,38.3702
"25km WSW of Hawthorne, Nevada",1483331166801,-118.907,38.425
"128km ENE of Amahai, Indonesia",1483331139170,130.0116,-2.9652
Nevada,1483331056067,-118.8675,38.381
"27km WSW of Hawthorne, Nevada",1483331039207,-118.8867,38.3961
"156km W of Cantwell, Alaska",1483330990625,-152.0646,63.547
"14km SE of Mammoth Lakes, California",1483330961900,-118.8391667,37.5661667
"14km SE of Mammoth Lakes, California",1483330734660,-118.8436667,37.5691667
"17km ENE of Manley Hot Springs, Alaska",1483330415613,-150.2794,65.0401
"19km ESE of Anza, CA",1483330413350,-116.4788333,33.4965
"14km SE of Mammoth Lakes, California",1483330365800,-118.8421667,37.5758333
"7km NW of Knik-Fairview, Alaska",1483330172619,-149.695,61.5673
"27km WSW of Hawthorne, Nevada",1483329617350,-118.8891,38.3915
"28km WSW of Hawthorne, Nevada",1483329577527,-118.9138,38.407
"66km W of Cantwell, Alaska",1483329511537,-150.2627,63.2925
"28km WSW of Hawthorne, Nevada",1483329379625,-118.9013,38.3876
"151km NNW of Saumlaki, Indonesia",1483329176300,130.6049,-6.7751
"28km ENE of Bridgeport, California",1483329100819,-118.9211,38.3386
"14km SE of Mammoth Lakes, California",1483328882410,-118.8425,37.5738333
"13km SE of Mammoth Lakes, California",1483328556150,-118.8445,37.5741667
"23km NE of Hawthorne, Nevada",1483328485228,-118.4703,38.6958
"4km SW of Campello sul Clitunno, Italy",1483328174480,12.7351,42.7941
"26km WSW of Hawthorne, Nevada",1483328019912,-118.8768,38.4002
"29km SW of Hawthorne, Nevada",1483327988307,-118.8806,38.3618
"38km WNW of West Yellowstone, Montana",1483327906110,-111.5298333,44.8275
"29km ENE of Bridgeport, California",1483327842592,-118.9361,38.3955
"34km SSE of Kirakira, Solomon Islands",1483327297280,162.0523,-10.7398
"30km WSW of Hawthorne, Nevada",1483327225828,-118.9272,38.3989
"23km NE of Hawthorne, Nevada",1483327167688,-118.4728,38.6976
"87km W of Big Lake, Alaska",1483327122161,-151.5895,61.4888
"30km WSW of Hawthorne, Nevada",1483326887856,-118.9508,38.4264
"22km NNE of Hawthorne, Nevada",1483326659759,-118.4561,38.6986
"29km ENE of Bridgeport, California",1483326539167,-118.9342,38.378
"15km ESE of Ndoi Island, Fiji",1483326529960,-178.5562,-20.693
"30km ENE of Bridgeport, California",1483326462091,-118.8936,38.3284
"64km WNW of Talkeetna, Alaska",1483326388742,-151.2795,62.5291
"8km NNW of Manhattan, Montana",1483326289170,-111.3711667,45.929
"25km WSW of Hawthorne, Nevada",1483326105406,-118.8892,38.4205
"5km W of Enumclaw, Washington",1483325754600,-122.068,47.2076667
"25km WSW of Hawthorne, Nevada",1483325433745,-118.8933,38.4257
"140km NW of Talkeetna, Alaska",1483325390291,-152.0031,63.2382
"23km WSW of Hawthorne, Nevada",1483325106132,-118.8556,38.4123
"8km S of Idyllwild, CA",1483324934710,-116.7273333,33.6663333
"59km SE of Cantwell, Alaska",1483324791225,-148.2652,62.952
"26km WSW of Hawthorne, Nevada",1483324744667,-118.8797,38.3933
"23km NE of Hawthorne, Nevada",1483324682994,-118.4664,38.701
"4km WNW of North Nenana, Alaska",1483324499824,-149.1965,64.586
"23km NNE of Hawthorne, Nevada",1483324477096,-118.4824,38.7007
"24km NE of Hawthorne, Nevada",1483324446734,-118.4618,38.7011
"26km WSW of Hawthorne, Nevada",1483324356004,-118.8991,38.4243
"115km W of Cantwell, Alaska",1483324318691,-151.2629,63.3969
"23km NE of Hawthorne, Nevada",1483324099854,-118.4709,38.6991
"29km WSW of Hawthorne, Nevada",1483324026175,-118.9215,38.3906
"61km NNE of Fort Yukon, Alaska",1483323806230,-144.7288,67.0682
"24km NE of Hawthorne, Nevada",1483323626069,-118.4624,38.7005
"23km NE of Hawthorne, Nevada",1483323584976,-118.4694,38.699
"62km SW of Cantwell, Alaska",1483323455982,-149.7264,62.9578
"6km ESE of Ontario, CA",1483323446760,-117.5646667,34.0361667
"24km NE of Hawthorne, Nevada",1483323326500,-118.4499,38.7021
"88km E of Cantwell, Alaska",1483323275729,-147.1983,63.5332
"4km WSW of Mammoth Lakes, California",1483323200610,-119.0208333,37.6273333
"23km NNE of Hawthorne, Nevada",1483323195420,-118.4746,38.7001
"7km NNW of Delta, B.C., MX",1483323194000,-115.2096667,32.4166667
"67km W of Anchor Point, Alaska",1483323160494,-153.0347,59.8169
"23km NNE of Hawthorne, Nevada",1483323069960,-118.4766,38.7012
"4km ENE of San Jacinto, CA",1483322980780,-116.9176667,33.7906667
"27km SW of Hawthorne, Nevada",1483322677527,-118.8803,38.3822
"28km WSW of Hawthorne, Nevada",1483322606257,-118.9032,38.3911
"59km NE of Yunaska Island, Alaska",1483322168790,-170.1578,53.0573
"27km SW of Hawthorne, Nevada",1483321611514,-118.8762,38.374
"8km NW of Avila Beach, California",1483321579360,-120.8056667,35.2296667
"47km ESE of Beatty, Nevada",1483321252322,-116.3029,36.6877
"60km WNW of Beatty, Nevada",1483320678293,-117.3656,37.1638
"10km SW of Felida, Washington",1483320502390,-122.8081667,45.6485
"31km SW of Hawthorne, Nevada",1483319898545,-118.8886,38.331
"4km WSW of Brawley, CA",1483319753640,-115.5643333,32.9608333
"9km W of Anchorage, Alaska",1483319744788,-150.0825,61.2237
"15km ENE of Coachella, CA",1483319563690,-116.0336667,33.7501667
"23km NE of Pine Valley, CA",1483319262560,-116.3288333,32.942
"29km WSW of Hawthorne, Nevada",1483319262298,-118.9206,38.401
"80km NNW of Vinchina, Argentina",1483319234090,-68.4816,-28.0774
"29km WSW of Hawthorne, Nevada",1483319042511,-118.9238,38.4086
"80km NE of Cape Yakataga, Alaska",1483319030545,-141.2976,60.5152
"20km SW of Valdez, Alaska",1483318981622,-146.6059,60.9956
"27km ENE of Bridgeport, California",1483318308887,-118.9531,38.3736
"23km SW of Hawthorne, Nevada",1483318255610,-118.8448,38.3959
"25km WSW of Hawthorne, Nevada",1483317933647,-118.8862,38.4269
"7km S of Anthony, Kansas",1483317921070,-98.0438333,37.0871667
"36km SE of Bandar-e Ganaveh, Iran",1483317726260,50.8166,29.3758
"32km ESE of Bandar-e Ganaveh, Iran",1483317491440,50.8187,29.451
"31km N of Bandar Bushehr, Iran",1483317155380,50.82,29.2487
"26km SW of Hawthorne, Nevada",1483317051731,-118.8658,38.3801
"31km ESE of Bandar-e Ganaveh, Iran",1483316979360,50.8205,29.4667
South Indian Ocean,1483316329220,52.3287,-37.1568
"26km WSW of Hawthorne, Nevada",1483316283972,-118.8988,38.426
"30km WSW of Hawthorne, Nevada",1483316266425,-118.9151,38.3725
Southwest Indian Ridge,1483315986300,51.9288,-36.0365
"30km SW of Hawthorne, Nevada",1483315975600,-118.8805,38.3397
"23km NNE of Badger, Alaska",1483315838993,-147.3332,64.992
"30km WSW of Hawthorne, Nevada",1483315660506,-118.9238,38.3842
"24km WSW of Hawthorne, Nevada",1483315563718,-118.8736,38.4236
"58km W of Talkeetna, Alaska",1483315493042,-151.2363,62.2687
"26km WSW of Hawthorne, Nevada",1483315424093,-118.8989,38.4287
"26km WSW of Hawthorne, Nevada",1483315369903,-118.8982,38.4294
"7km S of Anthony, Kansas",1483315150460,-98.0406667,37.0855
"62km NNE of Talkeetna, Alaska",1483314658996,-149.4673,62.7988
"3km WSW of Brawley, CA",1483314639790,-115.5628333,32.9668333
"25km WSW of Hawthorne, Nevada",1483314607995,-118.8892,38.4284
"26km WSW of Hawthorne, Nevada",1483314437345,-118.9013,38.4284
"28km WSW of Hawthorne, Nevada",1483314405409,-118.9168,38.405
"4km SW of Brawley, CA",1483313678130,-115.5638333,32.956
Nevada,1483313070434,-116.134,37.0626
"27km WSW of Hawthorne, Nevada",1483312988197,-118.8903,38.3933
"29km WSW of Hawthorne, Nevada",1483312873779,-118.9156,38.3874
"25km WSW of Hawthorne, Nevada",1483312792955,-118.893,38.4254
"70km WNW of Tanana, Alaska",1483312756402,-153.4182,65.4561
"26km SSW of Hawthorne, Nevada",1483312683621,-118.7794,38.3231
"28km SW of Hawthorne, Nevada",1483312212408,-118.8874,38.3666
"7km W of Volcano, Hawaii",1483311860200,-155.3045044,19.4268341
"30km SW of Hawthorne, Nevada",1483311853310,-118.8814,38.3343
"170km W of Meulaboh, Indonesia",1483311481580,94.5977,3.9731
"16km ENE of Coachella, CA",1483311402470,-116.0256667,33.7473333
"58km W of Ile Hunter, New Caledonia",1483310969850,171.4833,-22.3853
"78km SW of Delta Junction, Alaska",1483310644532,-146.8077,63.5154
"79km SW of Delta Junction, Alaska",1483310575071,-146.8194,63.5159
"25km WNW of Green River, Wyoming",1483310180710,-109.7471667,41.6131667
"83km SSW of Redoubt Volcano, Alaska",1483310108747,-153.4024,59.8152
"29km SW of Hawthorne, Nevada",1483310087933,-118.8993,38.3717
"32km WNW of Green River, Wyoming",1483310069980,-109.8446667,41.61
"79km SW of Delta Junction, Alaska",1483309223638,-146.8276,63.5125
"17km SW of Chester, California",1483309216450,-121.3548333,40.1815
"22km SSW of Chester, California",1483309216006,-121.3476,40.1206
"9km NE of Aguanga, CA",1483309142860,-116.7878333,33.498
"3km SW of Brawley, CA",1483309066270,-115.5601667,32.9608333
"101km NNE of Chignik Lake, Alaska",1483308903728,-157.8489,57.0127
"27km W of Inyokern, CA",1483308530430,-118.1058333,35.688
"13km SSW of Ashkasham, Afghanistan",1483308404630,71.474,36.5673
"3km SW of Brawley, CA",1483308352460,-115.56,32.9613333
"79km SW of Delta Junction, Alaska",1483308346968,-146.7571,63.4822
"9km NE of Aguanga, CA",1483308186970,-116.7876667,33.4965
"29km SSW of Hawthorne, Nevada",1483307919675,-118.7909,38.2966
"59km NW of San Antonio, Puerto Rico",1483306653900,-67.5438,18.8556
"19km S of Volcano, Hawaii",1483306645350,-155.2431641,19.2581673
"233km NNE of Tobelo, Indonesia",1483306554460,128.7148,3.7216
"57km WNW of Kirakira, Solomon Islands",1483306223010,161.4198,-10.3123
"25km WSW of Coalinga, California",1483305967010,-120.6013333,36.026
"120km SE of Amatignak Island, Alaska",1483305819050,-178.1368,50.376
"25km NNW of Gunnison, Utah",1483305791130,-111.9008333,39.376
"55km WSW of Anchor Point, Alaska",1483305657557,-152.7685,59.6125
"12km NNE of Arecibo, Puerto Rico",1483305305500,-66.6635,18.5722
"3km S of Pahala, Hawaii",1483305257590,-155.4823303,19.175333
"28km WSW of Hawthorne, Nevada",1483305210371,-118.8987,38.3932
"15km NE of Eureka, Nevada",1483305080487,-115.8229,39.6041
"9km SSW of Fairbanks, Alaska",1483305003521,-147.7917,64.7587
"24km WSW of Coalinga, California",1483304034340,-120.5936667,36.032
"40km ENE of Lima, Montana",1483304030280,-112.0976667,44.7235
"16km ENE of Borrego Springs, CA",1483303079340,-116.2145,33.2971667
"11km S of Big Lake, Alaska",1483303068488,-149.9187,61.4171
"13km ESE of Anza, CA",1483302982180,-116.5471667,33.5075
"2km SW of Pomona, CA",1483302207410,-117.7756667,34.0478333
"30km SW of Hawthorne, Nevada",1483302117640,-118.8293,38.3072
"4km N of Union City, Oklahoma",1483301779520,-97.9431,35.4361
Wyoming,1483301293690,-105.2231,43.5737
"26km NE of Badger, Alaska",1483301122327,-147.1565,64.9814
"17km NNW of North Nenana, Alaska",1483301094502,-149.2813,64.7153
"4km ESE of Mammoth Lakes, California",1483301076190,-118.9226667,37.6385
"116km E of Yakutat, Alaska",1483300909074,-137.6686,59.6514
"28km NNE of Virginia City, Montana",1483300853340,-111.8526667,45.5425
"25km WSW of Hawthorne, Nevada",1483300529121,-118.8819,38.4256
"67km WNW of Haines Junction, Canada",1483300485727,-138.6644,60.9837
"29km WSW of Hawthorne, Nevada",1483300471683,-118.9154,38.3967
"29km SW of Hawthorne, Nevada",1483300018086,-118.8854,38.3505
"29km SW of Hawthorne, Nevada",1483299986941,-118.8868,38.3527
"5km ESE of Mammoth Lakes, California",1483299964690,-118.9156667,37.639
"31km ENE of Yerington, Nevada",1483299531795,-118.8111,39.0446
"78km W of Healy, Alaska",1483299459523,-150.5619,63.86
"28km WSW of Hawthorne, Nevada",1483299448712,-118.8933,38.3862
"6km SSW of Anza, CA",1483299189790,-116.6856667,33.5056667
"29km SW of Hawthorne, Nevada",1483299082851,-118.8153,38.3071
"25km WSW of Hawthorne, Nevada",1483299021026,-118.887,38.4172
"6km NW of The Geysers, California",1483298973360,-122.8191681,38.8151665
"87km E of Cantwell, Alaska",1483298832740,-147.2039,63.4577
"76km N of Vieques, Puerto Rico",1483298721400,-65.7697,19.1865
"25km WSW of Hawthorne, Nevada",1483298503955,-118.8984,38.4379
"26km WSW of Hawthorne, Nevada",1483298257681,-118.8979,38.4305
"60km NNW of Talkeetna, Alaska",1483298178110,-150.5338,62.8291
"29km WSW of Hawthorne, Nevada",1483297823613,-118.9106,38.3816
"26km WSW of Hawthorne, Nevada",1483297732117,-118.8907,38.4073
"25km WSW of Hawthorne, Nevada",1483297595372,-118.8905,38.4313
"2km NNW of Bainbridge Island, Washington",1483297547440,-122.5298333,47.6435
Nevada,1483297486224,-119.6492,38.7943
"28km WSW of Hawthorne, Nevada",1483297462449,-118.918,38.4063
"27km E of Bridgeport, California",1483297416828,-118.9135,38.2819
"119km NE of Chignik Lake, Alaska",1483297378592,-157.6167,57.1185
"11km S of Big Lake, Alaska",1483297359139,-149.9528,61.4209
"25km WSW of Hawthorne, Nevada",1483297311179,-118.8852,38.4173
"21km WNW of West Yellowstone, Montana",1483297003140,-111.3601667,44.7186667
"92km SW of Homer, Alaska",1483296726901,-152.6324,59.0254
"26km WSW of Hawthorne, Nevada",1483296564010,-118.8842,38.3945
"15km N of North Nenana, Alaska",1483296490932,-149.0744,64.7168
"23km SW of Hawthorne, Nevada",1483296282686,-118.8467,38.4018
"28km ENE of Bridgeport, California",1483296151348,-118.9187,38.3248
"29km ENE of Bridgeport, California",1483296022364,-118.9059,38.3363
"15km NNE of North Nenana, Alaska",1483295950384,-148.9911,64.7089
"33km ESE of Sutton-Alpine, Alaska",1483295903991,-148.2374,61.7133
"27km WSW of Hawthorne, Nevada",1483295630659,-118.8914,38.3978
"28km WSW of Hawthorne, Nevada",1483295360820,-118.8973,38.3916
"7km W of Cobb, California",1483295248560,-122.8078333,38.8328333
"7km W of Cobb, California",1483295243900,-122.808,38.8331667
"8km N of Portola, California",1483295029547,-120.469,39.8829
"27km SW of Hawthorne, Nevada",1483295014578,-118.8838,38.3841
"3km N of Manchester Center, Vermont",1483294904690,-73.0534,43.2067
"24km WSW of Hawthorne, Nevada",1483294580009,-118.8717,38.422
"26km ENE of Bridgeport, California",1483294515402,-118.9413,38.3248
"27km ENE of Bridgeport, California",1483294442773,-118.9288,38.3301
"30km WSW of Hawthorne, Nevada",1483294282352,-118.9235,38.3896
"29km WSW of Hawthorne, Nevada",1483294216898,-118.909,38.3879
"26km NNW of Gabbs, Nevada",1483294101969,-118.0703,39.0768
"24km NW of Anchor Point, Alaska",1483293985784,-152.0816,59.9598
"42km NNW of La Ligua, Chile",1483293772790,-71.3262,-32.0786
"27km SW of Hawthorne, Nevada",1483293452764,-118.8896,38.3851
"4km ESE of Ferndale, Washington",1483293388280,-122.5376667,48.8378333
"29km SW of Hawthorne, Nevada",1483293313989,-118.8948,38.3706
"30km SW of Hawthorne, Nevada",1483293278271,-118.9086,38.3711
"9km S of Big Lake, Alaska",1483293166243,-149.9379,61.4349
"9km SSW of Anthony, Kansas",1483293063300,-98.0545,37.0666667
"57km W of Talkeetna, Alaska",1483292985333,-151.2098,62.2882
"9km NE of Aguanga, CA",1483292976150,-116.7908333,33.4993333
"7km W of Cobb, California",1483292833250,-122.8055,38.8273333
"80km WSW of Puerto Quellon, Chile",1483292822460,-74.4927,-43.4535
"19km W of Volcano, Hawaii",1483292766980,-155.423,19.4525
"56km WNW of Anchor Point, Alaska",1483292726168,-152.7957,59.9249
"27km WSW of Hawthorne, Nevada",1483292715332,-118.9041,38.4036
"3km SSE of Sutton-Alpine, Alaska",1483292310233,-148.8318,61.7681
"4km W of Cobb, California",1483292041000,-122.7763333,38.8253333
"29km SW of Hawthorne, Nevada",1483291795132,-118.8948,38.3584
"9km N of Anza, CA",1483291712420,-116.6743333,33.6326667
"12km WSW of Eagle Village, Alaska",1483291394784,-141.3625,64.7516
"30km SW of Hawthorne, Nevada",1483291154775,-118.9054,38.3635
"18km NNE of Upper Lake, California",1483291052450,-122.7921667,39.3043333
"28km ENE of Bridgeport, California",1483290645139,-118.9244,38.3363
"80km WNW of Talkeetna, Alaska",1483290485694,-151.6082,62.5111
"29km SW of Hawthorne, Nevada",1483290456435,-118.8956,38.3703
"28km SW of Hawthorne, Nevada",1483290412651,-118.8931,38.3737
"25km WSW of Hawthorne, Nevada",1483290236671,-118.89,38.4244
"30km WSW of Hawthorne, Nevada",1483290172155,-118.9348,38.3988
"25km WSW of Hawthorne, Nevada",1483289797761,-118.8921,38.4312
"149km NW of Mae Ai, Thailand",1483289646710,98.4506,21.1208
"11km NE of Coso Junction, CA",1483289506800,-117.858,36.1113333
"25km WSW of Hawthorne, Nevada",1483289434018,-118.894,38.4307
"7km SSE of Borrego Springs, CA",1483289207470,-116.3358333,33.2016667
"97km NNW of Nikiski, Alaska",1483289020650,-151.9471,61.5032
"1km SW of Brawley, CA",1483288512940,-115.5356667,32.9736667
"24km WSW of Hawthorne, Nevada",1483288197043,-118.8793,38.4259
"4km SW of Volcano, Hawaii",1483287819980,-155.2645,19.4015
"129km NNW of Kodiak Station, Alaska",1483287194989,-153.6174,58.7952
"26km WSW of Hawthorne, Nevada",1483286900086,-118.895,38.4226
"56km N of Pahrump, Nevada",1483286834488,-116.0154,36.714
"23km S of La Parguera, Puerto Rico",1483286778600,-67.071,17.7597
"7km SSW of Townsend, Montana",1483285748450,-111.5513333,46.254
"26km WSW of Hawthorne, Nevada",1483285693515,-118.9057,38.436
"27km WSW of Hawthorne, Nevada",1483285462752,-118.9133,38.4256
"89km NE of Sutton-Alpine, Alaska",1483285286377,-147.8351,62.4456
"26km ENE of Bridgeport, California",1483285108721,-118.9371,38.3137
"18km NNW of Cordova, Alaska",1483285006103,-145.9085,60.6894
"78km SW of Delta Junction, Alaska",1483284995301,-146.8006,63.5159
"2km NW of The Geysers, California",1483284908950,-122.7770004,38.7885017
"27km WSW of Hawthorne, Nevada",1483284900572,-118.8877,38.3907
"26km SW of Hawthorne, Nevada",1483284627854,-118.881,38.3895
"79km SW of Delta Junction, Alaska",1483284551786,-146.8251,63.515
"5km SSW of Redlands, CA",1483284527590,-117.1941667,34.0083333
"58km WNW of Haines Junction, Canada",1483284502220,-138.4723,60.9872
"51km ESE of Beatty, Nevada",1483284394811,-116.2287,36.7175
"31km SSW of Hawthorne, Nevada",1483284294185,-118.7977,38.275
"8km N of Westmorland, CA",1483284196630,-115.6186667,33.1073333
"29km WSW of Hawthorne, Nevada",1483283992689,-118.9183,38.3976
"92km WSW of Vallenar, Chile",1483283945260,-71.6717,-28.7905
"14km SSE of Redoubt Volcano, Alaska",1483283757747,-152.6531,60.3646
"221km NNE of Tobelo, Indonesia",1483283619490,128.6563,3.6245
"4km NW of The Geysers, California",1483283476760,-122.79,38.8071667
"61km SSW of Homer, Alaska",1483283357645,-152.1291,59.1723
"30km SW of Hawthorne, Nevada",1483283221370,-118.9082,38.3624
"12km SSW of New Madrid, Missouri",1483283172950,-89.5648333,36.4795
Nevada,1483283110634,-118.7969,38.278
"72km S of Cantwell, Alaska",1483282791912,-148.6947,62.7538
Nevada,1483282484631,-118.9086,38.3742
East of the North Island of New Zealand,1483282479070,-179.2061,-36.6727
Nevada,1483281419517,-118.919,38.3801
"26km WSW of Hawthorne, Nevada",1483281178562,-118.8965,38.4231
"16km N of Pahala, Hawaii",1483280777310,-155.4866667,19.353
"25km WSW of Hawthorne, Nevada",1483280735863,-118.8946,38.4284
"2km WSW of Brawley, CA",1483280702740,-115.5525,32.9675
"60km NE of Y, Alaska",1483280548871,-149.0499,62.5607
"29km WSW of Hawthorne, Nevada",1483280301330,-118.9139,38.3882
"213km NNE of Tobelo, Indonesia",1483280274040,128.7229,3.5208
"26km WSW of Hawthorne, Nevada",1483280063411,-118.8991,38.4271
"207km N of Tobelo, Indonesia",1483280014140,128.2355,3.5887
"21km S of Mammoth Lakes, California",1483279987060,-118.9956667,37.4591667
"26km WSW of Hawthorne, Nevada",1483279981214,-118.8984,38.4165
"220km NNE of Tobelo, Indonesia",1483279925720,128.5907,3.6359
"105km S of Old Iliamna, Alaska",1483279674904,-154.7502,58.803
"48km SW of North Nenana, Alaska",1483279486899,-149.8502,64.2841
"21km S of Mammoth Lakes, California",1483279389710,-118.9935,37.4568333
"27km WSW of Hawthorne, Nevada",1483279335432,-118.9026,38.399
"6km E of Bountiful, Utah",1483279020440,-111.807,40.8843333
"25km W of Volcano, Hawaii",1483278847870,-155.476,19.445
"29km WSW of Hawthorne, Nevada",1483278664927,-118.9087,38.3876
"29km WSW of Hawthorne, Nevada",1483278411954,-118.9183,38.4001
"4km W of Cobb, California",1483278408040,-122.7793333,38.8195
"127km SE of Old Iliamna, Alaska",1483278321712,-153.5899,58.8289
"29km WSW of Hawthorne, Nevada",1483278247674,-118.9126,38.3926
"42km NE of Redoubt Volcano, Alaska",1483278084151,-152.1304,60.7191
"30km WSW of Hawthorne, Nevada",1483278055354,-118.9296,38.3993
"55km SSW of Biha, Indonesia",1483277958970,103.7629,-5.7514
"123km SE of Old Iliamna, Alaska",1483277950519,-153.6626,58.8472
"29km WSW of Hawthorne, Nevada",1483277695980,-118.92,38.3973
"3km WSW of Brawley, CA",1483277295220,-115.5585,32.9685
"28km SW of Hawthorne, Nevada",1483277232606,-118.8558,38.3469
"10km N of Anza, CA",1483276923070,-116.6823333,33.6425
"126km SE of Old Iliamna, Alaska",1483276671850,-153.6719,58.8129
"31km SW of Hawthorne, Nevada",1483276440207,-118.885,38.3345
"27km WSW of Hawthorne, Nevada",1483276237473,-118.896,38.4015
"5km W of Hormigueros, Puerto Rico",1483276150000,-67.1835,18.1336
"4km ESE of Mammoth Lakes, California",1483275929320,-118.9206667,37.6365
"104km W of Willow, Alaska",1483275908119,-152.0119,61.6733
"59km SSW of Karpathos, Greece",1483275841850,27.0381,34.9934
"4km ESE of Mammoth Lakes, California",1483275827420,-118.9168333,37.6391667
"29km SW of Hawthorne, Nevada",1483275788736,-118.8975,38.3664
"28km E of Bridgeport, California",1483275666075,-118.9046,38.2936
"11km NNE of Eielson Air Force Base, Alaska",1483275500934,-146.9203,64.7518
"29km WSW of Hawthorne, Nevada",1483275414860,-118.9311,38.4136
"30km WSW of Hawthorne, Nevada",1483275377124,-118.9172,38.371
"29km SW of Hawthorne, Nevada",1483275248515,-118.9003,38.3775
"28km SW of Hawthorne, Nevada",1483275179417,-118.882,38.3659
"17km ESE of Anza, CA",1483275103570,-116.503,33.5055
"47km NNW of Valdez, Alaska",1483274783711,-146.7475,61.5113
"29km WSW of Hawthorne, Nevada",1483274736154,-118.9318,38.4112
"6km NE of Beaumont, CA",1483274295610,-116.9283333,33.9703333
"31km SW of Hawthorne, Nevada",1483274149433,-118.8825,38.3321
"29km SW of Hawthorne, Nevada",1483274059322,-118.8959,38.364
Nevada,1483274038659,-118.707,38.1037
"29km WSW of Hawthorne, Nevada",1483273991047,-118.9114,38.3925
"2km WSW of Brawley, CA",1483273700630,-115.5516667,32.9746667
"30km SW of Hawthorne, Nevada",1483273326084,-118.9111,38.3694
"2km W of Brawley, CA",1483273174990,-115.5526667,32.9796667
"15km NNW of Polson, Montana",1483273086310,-114.2426667,47.819
"30km SW of Hawthorne, Nevada",1483273045434,-118.9097,38.3598
"20km ENE of Milford, Utah",1483272981740,-112.7935,38.4693333
"18km E of Big Pine, California",1483272386630,-118.088,37.1455
"1km S of Sultan, Washington",1483272266630,-121.8155,47.8516667
"13km ESE of Anza, CA",1483272122370,-116.5425,33.5113333
"14km ESE of Harper, Kansas",1483271949630,-97.8778333,37.2276667
"28km WSW of Hawthorne, Nevada",1483271855239,-118.9206,38.4094
"27km WSW of Hawthorne, Nevada",1483271735007,-118.886,38.3909
"31km ESE of Sutton-Alpine, Alaska",1483271567993,-148.267,61.7335
"25km E of Bridgeport, California",1483271374474,-118.9401,38.2993
"34km ESE of Sutton-Alpine, Alaska",1483271325083,-148.2082,61.729
"29km WSW of Hawthorne, Nevada",1483271197857,-118.9088,38.3807
"12km NE of Borrego Springs, CA",1483271121840,-116.281,33.3246667
"31km SSE of Redoubt Volcano, Alaska",1483271038645,-152.5907,60.2083
"5km WNW of Lake Elsinore, CA",1483270737410,-117.3801667,33.6893333
"28km WSW of Hawthorne, Nevada",1483270540227,-118.9054,38.394
"22km NE of Deer Lodge, Montana",1483270463720,-112.5283333,46.5366667
"2km W of Brawley, CA",1483269824150,-115.548,32.9758333
"30km SW of Hawthorne, Nevada",1483269801808,-118.9121,38.3691
"29km WSW of Hawthorne, Nevada",1483269743085,-118.9089,38.3867
"61km SW of Kobuk, Alaska",1483269452051,-157.6768,66.4543
"29km WSW of Hawthorne, Nevada",1483269215679,-118.9066,38.3857
"69km NW of Talkeetna, Alaska",1483269079523,-150.9871,62.7983
"5km W of The Geysers, California",1483268962160,-122.8223343,38.7853317
"28km SW of Hawthorne, Nevada",1483268854910,-118.8954,38.3812
"28km SW of Hawthorne, Nevada",1483268614168,-118.8956,38.3782
"27km SW of Hawthorne, Nevada",1483268371388,-118.8754,38.3703
"21km WNW of Big Lake, Alaska",1483268345927,-150.3503,61.5642
"18km ESE of Anthony, Kansas",1483268332500,-97.8375,37.0971667
"26km SW of Hawthorne, Nevada",1483268290529,-118.8644,38.3804
"13km ESE of Anza, CA",1483268283830,-116.5458333,33.507
"1km WSW of Brawley, CA",1483268273990,-115.5411667,32.9758333
"3km WSW of Brawley, CA",1483268250480,-115.565,32.9713333
"29km WSW of Hawthorne, Nevada",1483268053393,-118.9157,38.3873
"106km WNW of Cantwell, Alaska",1483268026111,-151.0554,63.5657
"40km SW of Brooklyn, New Zealand",1483267943800,174.4661,-41.6172
"9km NNW of Tiptonville, Tennessee",1483267763030,-89.5313333,36.4515
"28km WSW of Hawthorne, Nevada",1483267615525,-118.9081,38.391
"27km SW of Hawthorne, Nevada",1483267579355,-118.8736,38.3757
"27km WSW of Hawthorne, Nevada",1483267469579,-118.9102,38.4259
"29km SW of Hawthorne, Nevada",1483267415783,-118.8916,38.3587
"25km WSW of Hawthorne, Nevada",1483267316528,-118.8965,38.4311
"30km SW of Hawthorne, Nevada",1483267285324,-118.8977,38.349
"26km E of Bridgeport, California",1483267107741,-118.9359,38.2969
"29km WSW of Hawthorne, Nevada",1483267072110,-118.9274,38.4052
"57km ENE of Beatty, Nevada",1483266863426,-116.1453,37.0607
"58km ENE of Beatty, Nevada",1483266722275,-116.1325,37.0571
"1km WNW of Brawley, CA",1483266488510,-115.5431667,32.9835
"1km W of Brawley, CA",1483266310050,-115.5385,32.978
"1km WSW of Brawley, CA",1483266264930,-115.5388333,32.974
"48km W of Coquimbo, Chile",1483266010700,-71.8472,-29.992
"35km SSE of Ndoi Island, Fiji",1483265922910,-178.5311,-20.9276
"12km SSW of Salton City, CA",1483265686690,-116.0216667,33.2041667
"148km SSW of Panguna, Papua New Guinea",1483265647480,154.7478,-7.4382
"28km WSW of Hawthorne, Nevada",1483265589871,-118.9115,38.3934
"30km ENE of Bridgeport, California",1483265517218,-118.9091,38.3552
"2km WSW of Brawley, CA",1483265441620,-115.5466667,32.9735
"30km SW of Hawthorne, Nevada",1483265265299,-118.8962,38.3557
"138km S of Unalaska, Alaska",1483265103861,-166.3157,52.637
"119km N of Lanos, Indonesia",1483265101800,120.3871,-7.1986
"41km SW of Tecoanapa, Mexico",1483265057600,-99.0388,16.2647
"29km SW of Hawthorne, Nevada",1483264927959,-118.8948,38.3581
"87km WSW of Anchor Point, Alaska",1483264889795,-153.2387,59.4399
"29km ENE of Bridgeport, California",1483264760131,-118.9176,38.3626
"27km WSW of Hawthorne, Nevada",1483264703893,-118.8862,38.391
"28km WSW of Hawthorne, Nevada",1483264567045,-118.8934,38.387
"28km ENE of Bridgeport, California",1483264519278,-118.9186,38.3379
"29km WSW of Hawthorne, Nevada",1483264400453,-118.9301,38.408
"29km WSW of Hawthorne, Nevada",1483264189357,-118.9211,38.3951
"27km SW of Hawthorne, Nevada",1483263857815,-118.8733,38.3749
"29km WSW of Hawthorne, Nevada",1483263694294,-118.9212,38.4046
"17km S of Odala, Philippines",1483263483840,120.8538,13.3222
"29km WSW of Hawthorne, Nevada",1483263389123,-118.9152,38.389
"30km SW of Hawthorne, Nevada",1483263202200,-118.8822,38.3441
"69km NE of Kobuk, Alaska",1483262726477,-155.9711,67.4159
"30km WSW of Hawthorne, Nevada",1483262667138,-118.9322,38.3888
"63km W of Vandenberg Air Force Base, California",1483262428870,-121.2101667,34.7305
"27km WSW of Hawthorne, Nevada",1483261872435,-118.8899,38.3896
"11km ESE of Anza, CA",1483261797360,-116.5578333,33.5225
"15km NE of Coachella, CA",1483261605650,-116.0451667,33.7601667
"66km SSW of Cantwell, Alaska",1483261581006,-149.3348,62.8205
Nevada,1483261525871,-119.2399,39.1074
"30km WSW of Hawthorne, Nevada",1483261371753,-118.9372,38.4092
"9km NW of Graysville, Tennessee",1483261290660,-85.1496667,35.5176667
"5km S of Circle Hot Springs Station, Alaska",1483261142969,-144.6793,65.4182
"24km E of Bridgeport, California",1483261115303,-118.9561,38.2975
"28km WSW of Hawthorne, Nevada",1483260985928,-118.8999,38.3889
"26km WSW of Hawthorne, Nevada",1483260911052,-118.8811,38.3925
"1km SW of Brawley, CA",1483260685080,-115.537,32.9706667
"3km WSW of Brawley, CA",1483260478770,-115.5601667,32.9725
"3km WSW of Brawley, CA",1483260451200,-115.5648333,32.9683333
"27km WSW of Hawthorne, Nevada",1483260368212,-118.889,38.3915
"3km W of Brawley, CA",1483260349500,-115.558,32.9748333
"1km SSW of Brawley, CA",1483260212920,-115.5345,32.9733333
"3km SSW of Brawley, CA",1483260209830,-115.5446667,32.9583333
"97km NW of Nikiski, Alaska",1483260168403,-152.3385,61.4021
"30km SW of Hawthorne, Nevada",1483259934011,-118.8992,38.3588
"62km WNW of Healy, Alaska",1483259652681,-150.1214,64.0846
"75km N of Nikiski, Alaska",1483259451340,-151.456,61.3648
"29km SW of Hawthorne, Nevada",1483259022477,-118.9012,38.3725
"2km SSW of Brawley, CA",1483258863080,-115.541,32.9641667
"2km W of Dixon Lane-Meadow Creek, California",1483258783400,-118.4391667,37.3751667
"2km W of Brawley, CA",1483258368680,-115.5473333,32.9805
"2km N of Big Bear City, CA",1483258282830,-116.843,34.2768333
"1km WSW of Brawley, CA",1483258189320,-115.5415,32.9763333
"2km SSW of Brawley, CA",1483258167660,-115.5388333,32.9671667
"4km E of Mammoth Lakes, California",1483258080330,-118.9253333,37.6525
"29km WSW of Hawthorne, Nevada",1483257587932,-118.9186,38.3915
"29km SW of Hawthorne, Nevada",1483257058537,-118.8917,38.3614
"42km W of Coquimbo, Chile",1483257021380,-71.7813,-29.995
"48km ESE of Beatty, Nevada",1483257019567,-116.2478,36.7557
"30km SW of Hawthorne, Nevada",1483256928144,-118.9087,38.3701
"127km SE of Old Iliamna, Alaska",1483256815348,-153.5972,58.821
"25km WSW of Hawthorne, Nevada",1483256778839,-118.8961,38.4319
"29km WSW of Hawthorne, Nevada",1483256575567,-118.91,38.3854
"25km WSW of Hawthorne, Nevada",1483256433597,-118.8939,38.427
"13km N of Santa Monica, Philippines",1483256433450,126.0402,10.1451
"25km WSW of Hawthorne, Nevada",1483256394423,-118.896,38.4312
"26km WSW of Hawthorne, Nevada",1483256364054,-118.8726,38.3949
"24km SSW of Mosquera, Colombia",1483256313620,-78.5497,2.3138
"28km SW of Hawthorne, Nevada",1483256250824,-118.8856,38.3714
"28km SW of Hawthorne, Nevada",1483256092389,-118.8944,38.3791
"3km SW of Brawley, CA",1483256054200,-115.5525,32.9593333
"92km NNW of Yunaska Island, Alaska",1483255978520,-171.0213,53.4375
"101km NW of Nikiski, Alaska",1483255802202,-152.3597,61.436
"40km WSW of Ferndale, California",1483255781860,-124.698,40.4225
"29km SW of Hawthorne, Nevada",1483255696457,-118.9076,38.3721
"4km WSW of Brawley, CA",1483255562200,-115.5638333,32.9628333
"30km WSW of Hawthorne, Nevada",1483255511879,-118.9235,38.3789
"3km WSW of Brawley, CA",1483255230170,-115.5581667,32.9658333
"29km SW of Hawthorne, Nevada",1483255199893,-118.9023,38.3754
"10km W of Houston, Alaska",1483255120825,-150.0101,61.6246
"26km SW of Hawthorne, Nevada",1483255080017,-118.849,38.361
"27km SW of Hawthorne, Nevada",1483255043321,-118.8489,38.3526
"13km ESE of Anza, CA",1483254819490,-116.5475,33.5038333
"23km SW of Anchorage, Alaska",1483254802091,-150.2162,61.0682
"3km WSW of Brawley, CA",1483254782470,-115.556,32.9701667
"3km WSW of Brawley, CA",1483254750520,-115.557,32.9696667
"10km NNE of Running Springs, CA",1483254689430,-117.0503333,34.2891667
"28km WSW of Hawthorne, Nevada",1483254653456,-118.9137,38.4104
"11km WNW of Sutton-Alpine, Alaska",1483254637836,-149.0558,61.8317
"28km WSW of Hawthorne, Nevada",1483254402115,-118.9196,38.4069
"30km ENE of Bridgeport, California",1483254365620,-118.9049,38.3504
"28km WSW of Hawthorne, Nevada",1483254252288,-118.8976,38.3824
"4km SW of Brawley, CA",1483254212730,-115.5595,32.9585
"12km E of Coso Junction, CA",1483254170340,-117.812,36.0261667
"12km E of Coso Junction, CA",1483254163820,-117.8123333,36.0261667
"3km SW of Brawley, CA",1483253972080,-115.5543333,32.9615
"29km WSW of Hawthorne, Nevada",1483253897781,-118.927,38.4079
"3km WSW of Brawley, CA",1483253855900,-115.558,32.9656667
"3km SW of Brawley, CA",1483253832470,-115.5536667,32.9556667
"16km S of Pole Ojea, Puerto Rico",1483253765500,-67.1658,17.8726
"12km E of Coso Junction, CA",1483253372540,-117.8163333,36.0248333
"3km WSW of Brawley, CA",1483253236510,-115.5581667,32.9651667
"3km WSW of Brawley, CA",1483253164430,-115.5598333,32.9648333
"3km WSW of Brawley, CA",1483253142640,-115.5615,32.9653333
"4km WSW of Brawley, CA",1483253105990,-115.562,32.9615
"21km NW of Hawthorne, Nevada",1483253103015,-118.8094,38.653
"6km WNW of The Geysers, California",1483253081110,-122.829,38.8038333
"3km WSW of Brawley, CA",1483253065220,-115.5578333,32.9681667
"99km NNW of Nikiski, Alaska",1483253064129,-152.314,61.4302
"3km WSW of Brawley, CA",1483253062800,-115.5565,32.9658333
"29km SW of Hawthorne, Nevada",1483252987165,-118.8989,38.3721
"19km W of Perry, Oklahoma",1483252981400,-97.5017,36.2856
"25km WSW of Hawthorne, Nevada",1483252924325,-118.8884,38.4201
"2km WSW of Brawley, CA",1483252677610,-115.5475,32.9715
"27km WSW of Hawthorne, Nevada",1483252563881,-118.8899,38.3883
"59km NW of Francisco Pizarro, Colombia",1483252549360,-79.0252,2.5444
"15km E of Seven Trees, California",1483252471970,-121.66,37.2875
"27km ENE of Bridgeport, California",1483252414762,-118.9254,38.328
"3km SW of Brawley, CA",1483252194100,-115.5521667,32.9621667
"18km NNE of Carrizales, Puerto Rico",1483252139500,-66.7455,18.6438
"110km NW of Talkeetna, Alaska",1483252025673,-151.5353,63.0657
"52km N of Valdez, Alaska",1483251967283,-146.3382,61.5989
"37km SSW of Hawthorne, Nevada",1483251938619,-118.791,38.2098
"3km NW of The Geysers, California",1483251894980,-122.777832,38.7996674
"29km WSW of Hawthorne, Nevada",1483251730024,-118.9253,38.4101
"2km WSW of Brawley, CA",1483251541390,-115.5513333,32.968
"1km NNE of Loma Linda, CA",1483250965770,-117.2538333,34.0581667
"5km SSE of Lytle Creek, CA",1483250858600,-117.4695,34.222
"89km W of Talkeetna, Alaska",1483250835337,-151.8261,62.3028
"10km N of Anza, CA",1483250485690,-116.6931667,33.6418333
"4km NW of The Geysers, California",1483250242140,-122.7926667,38.8046667
"26km WSW of Hawthorne, Nevada",1483249636051,-118.899,38.4323
"56km WNW of Plain City, Utah",1483249625950,-112.7456667,41.4105
"51km W of Amatignak Island, Alaska",1483249622720,-179.8464,51.3156
"26km WSW of Cantwell, Alaska",1483248960735,-149.4245,63.2961
"28km WSW of Hawthorne, Nevada",1483248548879,-118.9087,38.4028
"2km WSW of Brawley, CA",1483248393830,-115.5496667,32.9741667
"3km SSW of Brawley, CA",1483248362400,-115.5455,32.956
"25km WSW of Hawthorne, Nevada",1483248311268,-118.8949,38.4275
"5km ESE of Mammoth Lakes, California",1483248245000,-118.9166667,37.6366667
"4km ESE of Mammoth Lakes, California",1483248210360,-118.9178333,37.6396667
"3km SW of Brawley, CA",1483248073600,-115.5468333,32.9593333
"28km WSW of Hawthorne, Nevada",1483248045108,-118.9101,38.4018
"119km ENE of Iquique, Chile",1483247994600,-69.149,-19.6932
"2km NNW of Healy, Alaska",1483247710395,-148.9863,63.8782
"39km E of Polson, Montana",1483247613250,-113.6495,47.7576667
"47km S of Anchorage, Alaska",1483247604985,-149.8415,60.7961
"2km SSW of Brawley, CA",1483247564390,-115.5405,32.9626667
"2km WSW of Brawley, CA",1483247428280,-115.553,32.9696667
"28km WSW of Hawthorne, Nevada",1483247373537,-118.9201,38.4178
"2km SSW of Brawley, CA",1483247294080,-115.5418333,32.961
"2km WSW of Brawley, CA",1483247213210,-115.5465,32.9718333
"3km WSW of Brawley, CA",1483247147280,-115.555,32.9655
"28km WSW of Hawthorne, Nevada",1483246834502,-118.9082,38.3966
"3km SW of Brawley, CA",1483246824480,-115.554,32.9635
"125km SE of Old Iliamna, Alaska",1483246599253,-153.6188,58.8378
"29km WSW of Hawthorne, Nevada",1483246457643,-118.9071,38.3805
"79km W of Cantwell, Alaska",1483246283839,-150.5093,63.2582
"3km SW of Brawley, CA",1483246187840,-115.549,32.9606667
"18km WSW of Polson, Montana",1483246183930,-114.3713333,47.6091667
"26km WSW of Hawthorne, Nevada",1483246100017,-118.8952,38.4167
"3km SSW of Brawley, CA",1483246064640,-115.5446667,32.954
"16km ESE of Redoubt Volcano, Alaska",1483246059103,-152.4888,60.4146
"29km SW of Hawthorne, Nevada",1483246025367,-118.8963,38.36
"3km SSW of Brawley, CA",1483245890210,-115.5453333,32.9535
"25km WSW of Hawthorne, Nevada",1483245808334,-118.8948,38.4301
"3km SW of Brawley, CA",1483245789440,-115.5476667,32.958
"26km WSW of Hawthorne, Nevada",1483245756315,-118.9062,38.4283
"6km NW of The Geysers, California",1483245712170,-122.80867,38.8196678
"28km ENE of Bridgeport, California",1483245699669,-118.9246,38.3508
"2km WSW of Brawley, CA",1483245664920,-115.5501667,32.9731667
"2km SW of Brawley, CA",1483245646360,-115.5445,32.9665
"2km WSW of Brawley, CA",1483245623730,-115.5458333,32.9746667
"25km SW of Cantwell, Alaska",1483245503282,-149.3299,63.2404
"27km WSW of Hawthorne, Nevada",1483245410291,-118.8984,38.3993
"3km SW of Brawley, CA",1483245367060,-115.5533333,32.9593333
"24km WSW of Hawthorne, Nevada",1483245296341,-118.8598,38.4025
"19km N of North Nenana, Alaska",1483245237116,-149.0975,64.7522
"29km ESE of Emajagua, Puerto Rico",1483245226500,-65.644,17.8556
"27km WSW of Hawthorne, Nevada",1483245216683,-118.9226,38.4414
"29km ESE of Emajagua, Puerto Rico",1483245149300,-65.6244,17.9654
"26km WSW of Hawthorne, Nevada",1483245072892,-118.898,38.4153
"2km SSE of Magas Arriba, Puerto Rico",1483245056100,-66.7594,17.9936
"3km SW of Brawley, CA",1483245051790,-115.5548333,32.9635
Nevada,1483244813199,-119.8347,39.5825
"2km SSW of Brawley, CA",1483244699120,-115.5428333,32.9585
"3km NE of Pacifica, California",1483244688570,-122.4648333,37.6358333
"128km SE of Old Iliamna, Alaska",1483244482050,-153.5743,58.8188
"2km SW of Brawley, CA",1483244447360,-115.5455,32.9603333
"25km WSW of Hawthorne, Nevada",1483244338787,-118.8974,38.4315
"2km WSW of Brawley, CA",1483244199260,-115.5495,32.9743333
"2km SSW of Brawley, CA",1483244149560,-115.5446667,32.9593333
"2km SW of Brawley, CA",1483244112470,-115.5445,32.9673333
Nevada,1483244109499,-118.9244,38.3092
"2km WSW of Brawley, CA",1483244000260,-115.5465,32.9753333
"66km WSW of Puerto Quellon, Chile",1483243990730,-74.4059,-43.2793
Nevada,1483243880454,-119.8376,39.55
"2km W of Brawley, CA",1483243712380,-115.5471667,32.9793333
"29km SW of Hawthorne, Nevada",1483243561700,-118.8525,38.3229
"28km WSW of Hawthorne, Nevada",1483243432962,-118.9015,38.389
"2km SW of Brawley, CA",1483243348680,-115.5456667,32.9613333
"29km SW of Hawthorne, Nevada",1483243033334,-118.8914,38.3633
"69km W of Anchor Point, Alaska",1483243017117,-153.0546,59.879
"28km ENE of Bridgeport, California",1483242999211,-118.9384,38.371
"2km SW of Brawley, CA",1483242922350,-115.5466667,32.9683333
"2km SW of Brawley, CA",1483242667570,-115.5503333,32.9658333
"28km ENE of Bridgeport, California",1483242667316,-118.9373,38.3561
"29km WSW of Hawthorne, Nevada",1483242599417,-118.9263,38.399
"30km WSW of Hawthorne, Nevada",1483242556546,-118.9333,38.3912
"210km ENE of Neiafu, Tonga",1483242395310,-172.1121,-17.9985
"2km WSW of Brawley, CA",1483242352110,-115.5468333,32.9745
"2km W of Brawley, CA",1483242285540,-115.5466667,32.9791667
"2km W of Brawley, CA",1483242194830,-115.5485,32.9775
"9km WNW of Cobb, California",1483242105690,-122.8291702,38.8433342
"3km WSW of Brawley, CA",1483242085800,-115.562,32.9701667
"6km NNE of Moreno Valley, CA",1483241905820,-117.2133333,33.9806667
"27km WSW of Hawthorne, Nevada",1483241765718,-118.8964,38.4082
"4km WSW of North Pole, Alaska",1483241745521,-147.4453,64.7396
"30km WSW of Hawthorne, Nevada",1483241733275,-118.9208,38.3797
"29km WSW of Hawthorne, Nevada",1483241576551,-118.9117,38.3909
"5km SW of Brawley, CA",1483241554900,-115.5688333,32.9523333
"29km SW of Hawthorne, Nevada",1483241546975,-118.8942,38.365
"3km WSW of Brawley, CA",1483241528030,-115.5596667,32.964
"3km SW of Brawley, CA",1483241392530,-115.549,32.9603333
"29km ENE of Bridgeport, California",1483241383566,-118.9231,38.3581
"67km E of Cantwell, Alaska",1483241339902,-147.6183,63.475
"45km ESE of Beatty, Nevada",1483241330099,-116.3174,36.7
"3km SSW of Brawley, CA",1483241140280,-115.5433333,32.9573333
"31km NNW of La Serena, Chile",1483241138490,-71.3277,-29.6335
"2km SSW of Brawley, CA",1483240979630,-115.5398333,32.9613333
"1km W of Brawley, CA",1483240967700,-115.5408333,32.9781667
"1km WNW of Brawley, CA",1483240856320,-115.5405,32.982
"27km E of Covelo, California",1483240837360,-122.929,39.8348333
"2km SW of Brawley, CA",1483240768590,-115.544,32.962
"1km W of Brawley, CA",1483240763140,-115.5386667,32.9786667
"2km WSW of Brawley, CA",1483240595040,-115.5456667,32.9743333
"1km WSW of Brawley, CA",1483240359040,-115.5418333,32.975
"2km SSW of Brawley, CA",1483240083630,-115.5376667,32.9663333
"26km SW of Hawthorne, Nevada",1483240063786,-118.8446,38.3637
"1km W of Brawley, CA",1483239730710,-115.5421667,32.9771667
"22km NNW of Dixon Lane-Meadow Creek, California",1483239542970,-118.476,37.5861667
"26km ENE of Bridgeport, California",1483239285194,-118.9537,38.3477
"2km SW of Brawley, CA",1483239119100,-115.5476667,32.9678333
"2km SW of Brawley, CA",1483239076330,-115.5471667,32.964
"1km W of Brawley, CA",1483239006790,-115.5455,32.9776667
"2km WSW of Brawley, CA",1483238973320,-115.548,32.9751667
"28km WSW of Hawthorne, Nevada",1483238845310,-118.9063,38.3886
"28km SW of Hawthorne, Nevada",1483238774858,-118.8917,38.3838
"23km W of Quilmana, Peru",1483238737500,-76.5974,-12.9415
"3km SW of Brawley, CA",1483238662140,-115.5568333,32.9623333
"4km WSW of Brawley, CA",1483238602850,-115.5661667,32.9648333
"27km WSW of Hawthorne, Nevada",1483238599448,-118.9088,38.408
"3km WSW of Brawley, CA",1483238555230,-115.5568333,32.9671667
"25km WSW of Hawthorne, Nevada",1483238547814,-118.8924,38.423
"27km WSW of Hawthorne, Nevada",1483238413003,-118.8948,38.3916
"24km SW of Ferndale, California",1483238377370,-124.4981667,40.4525
"2km WSW of Brawley, CA",1483238178780,-115.552,32.973
"6km NW of Anza, CA",1483238176510,-116.722,33.5861667
"2km WSW of Brawley, CA",1483238109910,-115.5481667,32.9726667
"2km SW of Brawley, CA",1483238077000,-115.5521667,32.9658333
"2km WSW of Brawley, CA",1483238020870,-115.5468333,32.9721667
"48km WNW of Cantwell, Alaska",1483237945472,-149.7941,63.6087
"5km SE of Tuttle, Oklahoma",1483237781700,-97.7694,35.2542
"2km WSW of Brawley, CA",1483237491120,-115.5506667,32.971
"4km SW of Brawley, CA",1483237421840,-115.5571667,32.9568333
"2km WSW of Brawley, CA",1483237407930,-115.551,32.9686667
"20km NNW of College, Alaska",1483237297334,-147.9827,65.0284
"55km NW of Kodiak Station, Alaska",1483237287308,-153.1614,58.1703
"3km SW of Brawley, CA",1483237279240,-115.5535,32.9596667
"2km SW of Brawley, CA",1483237178700,-115.5511667,32.9665
"2km WSW of Brawley, CA",1483237094820,-115.5535,32.9741667
"1km SW of Brawley, CA",1483237080410,-115.5391667,32.9721667
"3km SW of Brawley, CA",1483236888430,-115.5488333,32.9616667
"3km WSW of Brawley, CA",1483236874780,-115.5576667,32.9696667
"38km NNE of Amboy, Washington",1483236764880,-122.1818333,46.2011667
"2km SW of Brawley, CA",1483236728910,-115.5453333,32.9696667
"0km SW of Brawley, CA",1483236667610,-115.5336667,32.9746667
"2km WSW of Brawley, CA",1483236657600,-115.5543333,32.9701667
"38km NNE of Amboy, Washington",1483236583980,-122.1781667,46.2005
"2km WSW of Brawley, CA",1483236568290,-115.551,32.9691667
"2km WSW of Brawley, CA",1483236461780,-115.5536667,32.9731667
"2km SW of Brawley, CA",1483236457430,-115.5476667,32.9635
"29km WSW of Hawthorne, Nevada",1483236403813,-118.9196,38.3955
"28km WSW of Hawthorne, Nevada",1483236375375,-118.9039,38.3919
"137km WSW of Chernabura Island, Alaska",1483236318000,-161.3375,54.1142
"3km WSW of Brawley, CA",1483236283040,-115.5588333,32.9675
"6km SW of Pearblossum, CA",1483236220500,-117.9443333,34.4645
"3km WSW of Brawley, CA",1483236195330,-115.5595,32.9718333
"2km SW of Brawley, CA",1483236100300,-115.5451667,32.9656667
"27km WSW of Hawthorne, Nevada",1483235968359,-118.8899,38.3861
"3km WSW of Brawley, CA",1483235952920,-115.5628333,32.967
"2km W of Brawley, CA",1483235894080,-115.5523333,32.9761667
"2km SW of Brawley, CA",1483235785620,-115.5466667,32.9655
Nevada,1483235684359,-119.6025,40.447
"1km WSW of Brawley, CA",1483235401810,-115.5425,32.9731667
"29km SW of Hawthorne, Nevada",1483235387628,-118.8865,38.3626
"3km WSW of Brawley, CA",1483235386100,-115.5578333,32.97
"29km ENE of Bridgeport, California",1483235034547,-118.9441,38.3976
"3km WSW of Brawley, CA",1483234993850,-115.5555,32.9686667
"2km W of Brawley, CA",1483234955140,-115.546,32.9788333
"30km SW of Hawthorne, Nevada",1483234942872,-118.9092,38.3596
"3km SW of Brawley, CA",1483234663840,-115.5515,32.963
"4km SW of Brawley, CA",1483234660240,-115.5606667,32.9608333
"2km SSW of Brawley, CA",1483234432700,-115.5426667,32.9631667
"3km SW of Brawley, CA",1483234167640,-115.5511667,32.9576667
"28km ENE of Bridgeport, California",1483234095900,-118.9399,38.3713
"12km E of Coso Junction, CA",1483233765080,-117.8118333,36.0313333
"22km S of Whitehall, Montana",1483233661300,-112.0598333,45.6661667
"36km NW of Valdez, Alaska",1483233547923,-146.8167,61.3724
"3km SW of Brawley, CA",1483233413630,-115.5525,32.9643333
"2km SW of Brawley, CA",1483233312820,-115.5418333,32.9665
"3km SW of Brawley, CA",1483233092360,-115.547,32.9596667
"3km SW of Brawley, CA",1483233078060,-115.5536667,32.96
"2km W of Brawley, CA",1483232990030,-115.547,32.9768333
"29km WSW of Hawthorne, Nevada",1483232821230,-118.9356,38.4132
"2km WSW of Brawley, CA",1483232657430,-115.5495,32.9753333
"47km ESE of Beatty, Nevada",1483232476250,-116.2609,36.7686
"2km WNW of Brawley, CA",1483232389300,-115.556,32.9865
"2km WSW of Brawley, CA",1483232384850,-115.5486667,32.9753333
"127km SE of Old Iliamna, Alaska",1483232258201,-153.5898,58.8235
"13km NE of Little Lake, CA",1483232234460,-117.7905,36.0066667
"2km SW of Brawley, CA",1483232232090,-115.5455,32.9685
"4km SW of Brawley, CA",1483232005790,-115.5638333,32.9566667
"4km WSW of Brawley, CA",1483231746460,-115.5648333,32.9651667
"2km WNW of Brawley, CA",1483231638230,-115.5475,32.9818333
"7km S of Fairbanks, Alaska",1483231614058,-147.7364,64.767
"132km WSW of Abepura, Indonesia",1483231557980,139.4328,-2.9302
"28km ENE of Bridgeport, California",1483231513541,-118.9367,38.361
"3km WSW of Brawley, CA",1483231129940,-115.5613333,32.9676667
"3km SW of Brawley, CA",1483231103050,-115.5511667,32.9638333
"3km SW of Brawley, CA",1483231039080,-115.5571667,32.962
"3km WSW of Brawley, CA",1483230963070,-115.5565,32.966
"3km W of Cobb, California",1483230960710,-122.7645035,38.8230019
"3km SW of Brawley, CA",1483230910440,-115.5555,32.9631667
"3km WSW of Brawley, CA",1483230809210,-115.5571667,32.9641667
"3km SW of Brawley, CA",1483230788000,-115.5533333,32.9635
"28km SW of Hawthorne, Nevada",1483230666300,-118.8985,38.3799
"2km WNW of Cobb, California",1483230663610,-122.7518311,38.8266678
"180km WNW of Panguna, Papua New Guinea",1483230233890,153.8988,-5.9497
"2km WSW of Brawley, CA",1483230122820,-115.5505,32.973
"2km SW of Brawley, CA",1483230024930,-115.5443333,32.9678333
"29km ENE of Bridgeport, California",1483229981933,-118.9123,38.338
"3km WSW of Brawley, CA",1483229948240,-115.5538333,32.9661667
"2km WSW of Brawley, CA",1483229883820,-115.5491667,32.9705
"2km W of Brawley, CA",1483229875420,-115.5523333,32.9765
"30km SW of Hawthorne, Nevada",1483229846739,-118.9007,38.3572
"2km SW of Brawley, CA",1483229828420,-115.5416667,32.9695
"2km SW of Brawley, CA",1483229825790,-115.5483333,32.9646667
"28km SW of Hawthorne, Nevada",1483229642543,-118.8656,38.3521
"2km SW of Brawley, CA",1483229614230,-115.5445,32.9646667
"131km NNW of Tobelo, Indonesia",1483229605380,127.5786,2.8327
"7km W of Templeton, California",1483229496320,-120.7936667,35.5523333
"28km SW of Hawthorne, Nevada",1483229407095,-118.8672,38.3594
"2km SW of Brawley, CA",1483229305900,-115.5473333,32.961
"2km SW of Brawley, CA",1483229256700,-115.5465,32.9651667
"3km WSW of Brawley, CA",1483229232940,-115.5558333,32.9705
"3km WSW of Brawley, CA",1483229191040,-115.5568333,32.9661667
"3km WSW of Brawley, CA",1483229173240,-115.564,32.9663333
"2km WSW of Brawley, CA",1483229160340,-115.5485,32.9731667
"4km NNW of Seal Beach, CA",1483229109370,-118.1241667,33.7698333
"2km W of Brawley, CA",1483229096020,-115.5458333,32.98
"28km SW of Hawthorne, Nevada",1483229060704,-118.8719,38.354
"3km WSW of Brawley, CA",1483229046480,-115.5578333,32.9646667
